insert into plans (id, code, name, monthly_price, features)
values
  ('00000000-0000-4000-8000-000000000011', 'starter', 'البداية', 129, '["فرع واحد","مخزون","تقارير أساسية"]'),
  ('00000000-0000-4000-8000-000000000012', 'growth', 'النمو', 249, '["حتى 5 فروع","وصفات","مركز التسويق"]'),
  ('00000000-0000-4000-8000-000000000013', 'scale', 'التوسع', 499, '["فروع غير محدودة","أتمتة","صلاحيات متقدمة"]')
on conflict (code) do nothing;

insert into organizations (id, name, slug, plan, status)
values ('00000000-0000-4000-8000-000000000001', 'مطعم إيوان', 'iwan-demo', 'growth', 'trial')
on conflict (id) do nothing;

insert into subscriptions (id, organization_id, plan_id, status, current_period_start, current_period_end)
values ('00000000-0000-4000-8000-000000000021', '00000000-0000-4000-8000-000000000001', '00000000-0000-4000-8000-000000000012', 'trial', '2026-05-01', '2026-05-31')
on conflict (id) do nothing;

insert into branches (id, organization_id, name, city, address, manager_name, status)
values
  ('00000000-0000-4000-8000-000000000101', '00000000-0000-4000-8000-000000000001', 'فرع شارع عبد القادر الحسيني', 'غزة', 'شارع عبد القادر الحسيني', 'سارة النجار', 'active'),
  ('00000000-0000-4000-8000-000000000102', '00000000-0000-4000-8000-000000000001', 'فرع الرمال', 'غزة', 'الرمال، شارع عمر المختار', 'محمود عوض', 'active')
on conflict (id) do nothing;

insert into units (id, organization_id, name, symbol, kind)
values
  ('00000000-0000-4000-8000-000000000401', '00000000-0000-4000-8000-000000000001', 'كغم', 'kg', 'weight'),
  ('00000000-0000-4000-8000-000000000402', '00000000-0000-4000-8000-000000000001', 'لتر', 'L', 'volume'),
  ('00000000-0000-4000-8000-000000000403', '00000000-0000-4000-8000-000000000001', 'مل', 'ml', 'volume'),
  ('00000000-0000-4000-8000-000000000404', '00000000-0000-4000-8000-000000000001', 'قطعة', 'pc', 'count'),
  ('00000000-0000-4000-8000-000000000405', '00000000-0000-4000-8000-000000000001', 'كرتونة', 'case', 'pack'),
  ('00000000-0000-4000-8000-000000000406', '00000000-0000-4000-8000-000000000001', 'كيس', 'bag', 'pack')
on conflict (id) do nothing;

insert into inventory_categories (id, organization_id, name)
values
  ('00000000-0000-4000-8000-000000000301', '00000000-0000-4000-8000-000000000001', 'بروتين'),
  ('00000000-0000-4000-8000-000000000302', '00000000-0000-4000-8000-000000000001', 'حبوب ونشويات'),
  ('00000000-0000-4000-8000-000000000303', '00000000-0000-4000-8000-000000000001', 'زيوت'),
  ('00000000-0000-4000-8000-000000000304', '00000000-0000-4000-8000-000000000001', 'أجبان'),
  ('00000000-0000-4000-8000-000000000305', '00000000-0000-4000-8000-000000000001', 'صوصات'),
  ('00000000-0000-4000-8000-000000000306', '00000000-0000-4000-8000-000000000001', 'تغليف')
on conflict (id) do nothing;

insert into suppliers (id, organization_id, name, phone, email, address, notes, status)
values
  ('00000000-0000-4000-8000-000000000201', '00000000-0000-4000-8000-000000000001', 'مورد الدجاج', '+970 599 111 222', 'chicken@example.com', 'سوق الجملة', 'توريد يومي صباحًا', 'active'),
  ('00000000-0000-4000-8000-000000000202', '00000000-0000-4000-8000-000000000001', 'مورد الخضار', '+970 599 333 444', 'veg@example.com', 'سوق فراس', null, 'active'),
  ('00000000-0000-4000-8000-000000000203', '00000000-0000-4000-8000-000000000001', 'مورد التغليف', '+970 599 555 666', 'pack@example.com', 'المنطقة الصناعية', null, 'active')
on conflict (id) do nothing;

insert into inventory_items (
  id, organization_id, category_id, primary_supplier_id, name, purchase_unit_id, usage_unit_id,
  last_purchase_price, average_cost, minimum_quantity, sku, notes, status
)
values
  ('00000000-0000-4000-8000-000000000501', '00000000-0000-4000-8000-000000000001', '00000000-0000-4000-8000-000000000301', '00000000-0000-4000-8000-000000000201', 'دجاج', '00000000-0000-4000-8000-000000000405', '00000000-0000-4000-8000-000000000401', 18, 17.2, 40, 'CHK-001', 'صدور دجاج مجمدة', 'active'),
  ('00000000-0000-4000-8000-000000000502', '00000000-0000-4000-8000-000000000001', '00000000-0000-4000-8000-000000000302', '00000000-0000-4000-8000-000000000202', 'أرز', '00000000-0000-4000-8000-000000000406', '00000000-0000-4000-8000-000000000401', 6, 5.7, 60, null, null, 'active'),
  ('00000000-0000-4000-8000-000000000503', '00000000-0000-4000-8000-000000000001', '00000000-0000-4000-8000-000000000303', '00000000-0000-4000-8000-000000000202', 'زيت', '00000000-0000-4000-8000-000000000405', '00000000-0000-4000-8000-000000000402', 9, 8.6, 30, null, null, 'active'),
  ('00000000-0000-4000-8000-000000000504', '00000000-0000-4000-8000-000000000001', '00000000-0000-4000-8000-000000000302', '00000000-0000-4000-8000-000000000202', 'بطاطا', '00000000-0000-4000-8000-000000000406', '00000000-0000-4000-8000-000000000401', 3.5, 3.2, 35, null, null, 'active'),
  ('00000000-0000-4000-8000-000000000505', '00000000-0000-4000-8000-000000000001', '00000000-0000-4000-8000-000000000302', '00000000-0000-4000-8000-000000000203', 'خبز برجر', '00000000-0000-4000-8000-000000000406', '00000000-0000-4000-8000-000000000404', 0.75, 0.72, 120, null, null, 'active'),
  ('00000000-0000-4000-8000-000000000506', '00000000-0000-4000-8000-000000000001', '00000000-0000-4000-8000-000000000305', '00000000-0000-4000-8000-000000000202', 'صوص حار', '00000000-0000-4000-8000-000000000405', '00000000-0000-4000-8000-000000000403', 0.04, 0.038, 5000, null, null, 'active'),
  ('00000000-0000-4000-8000-000000000507', '00000000-0000-4000-8000-000000000001', '00000000-0000-4000-8000-000000000304', '00000000-0000-4000-8000-000000000201', 'جبنة', '00000000-0000-4000-8000-000000000405', '00000000-0000-4000-8000-000000000404', 0.9, 0.84, 100, null, null, 'active'),
  ('00000000-0000-4000-8000-000000000508', '00000000-0000-4000-8000-000000000001', '00000000-0000-4000-8000-000000000306', '00000000-0000-4000-8000-000000000203', 'علب تغليف', '00000000-0000-4000-8000-000000000405', '00000000-0000-4000-8000-000000000404', 0.35, 0.33, 300, null, null, 'active')
on conflict (id) do nothing;

insert into branch_stock (organization_id, branch_id, item_id, quantity, reserved_quantity)
values
  ('00000000-0000-4000-8000-000000000001', '00000000-0000-4000-8000-000000000101', '00000000-0000-4000-8000-000000000501', 32, 6),
  ('00000000-0000-4000-8000-000000000001', '00000000-0000-4000-8000-000000000102', '00000000-0000-4000-8000-000000000501', 54, 8),
  ('00000000-0000-4000-8000-000000000001', '00000000-0000-4000-8000-000000000101', '00000000-0000-4000-8000-000000000502', 87, 12),
  ('00000000-0000-4000-8000-000000000001', '00000000-0000-4000-8000-000000000102', '00000000-0000-4000-8000-000000000502', 64, 9),
  ('00000000-0000-4000-8000-000000000001', '00000000-0000-4000-8000-000000000101', '00000000-0000-4000-8000-000000000503', 19, 2),
  ('00000000-0000-4000-8000-000000000001', '00000000-0000-4000-8000-000000000102', '00000000-0000-4000-8000-000000000508', 260, 30)
on conflict (branch_id, item_id) do update set quantity = excluded.quantity, reserved_quantity = excluded.reserved_quantity;

insert into recipes (id, organization_id, name, category, servings, preparation, total_cost, cost_per_serving, status)
values
  ('00000000-0000-4000-8000-000000000601', '00000000-0000-4000-8000-000000000001', 'وجبة دجاج تايلندي', 'وجبات', 1, 'تشويح الدجاج مع الصوص وتقديمه مع الأرز.', 6.66, 6.66, 'active'),
  ('00000000-0000-4000-8000-000000000602', '00000000-0000-4000-8000-000000000001', 'ساندويتش زنجر', 'ساندويتش', 1, null, 5.26, 5.26, 'active'),
  ('00000000-0000-4000-8000-000000000603', '00000000-0000-4000-8000-000000000001', 'أرز بالخضار', 'أطباق جانبية', 1, null, 1.81, 1.81, 'active'),
  ('00000000-0000-4000-8000-000000000604', '00000000-0000-4000-8000-000000000001', 'برجر دجاج', 'برجر', 1, null, 4.66, 4.66, 'active')
on conflict (id) do nothing;

insert into recipe_ingredients (organization_id, recipe_id, item_id, quantity, unit_id, unit_cost)
select v.organization_id::uuid, v.recipe_id::uuid, v.item_id::uuid, v.quantity, v.unit_id::uuid, v.unit_cost
from (values
  ('00000000-0000-4000-8000-000000000001', '00000000-0000-4000-8000-000000000601', '00000000-0000-4000-8000-000000000501', 0.22, '00000000-0000-4000-8000-000000000401', 17.2),
  ('00000000-0000-4000-8000-000000000001', '00000000-0000-4000-8000-000000000601', '00000000-0000-4000-8000-000000000502', 0.18, '00000000-0000-4000-8000-000000000401', 5.7),
  ('00000000-0000-4000-8000-000000000001', '00000000-0000-4000-8000-000000000602', '00000000-0000-4000-8000-000000000501', 0.16, '00000000-0000-4000-8000-000000000401', 17.2),
  ('00000000-0000-4000-8000-000000000001', '00000000-0000-4000-8000-000000000602', '00000000-0000-4000-8000-000000000505', 1, '00000000-0000-4000-8000-000000000404', 0.72)
) as v(organization_id, recipe_id, item_id, quantity, unit_id, unit_cost)
where not exists (
  select 1
  from recipe_ingredients ri
  where ri.organization_id = v.organization_id::uuid
    and ri.recipe_id = v.recipe_id::uuid
    and ri.item_id = v.item_id::uuid
);

insert into menu_items (id, organization_id, name, selling_price, status)
values
  ('00000000-0000-4000-8000-000000000701', '00000000-0000-4000-8000-000000000001', 'وجبة دجاج تايلندي - 25 شيكل', 25, 'active'),
  ('00000000-0000-4000-8000-000000000702', '00000000-0000-4000-8000-000000000001', 'ساندويتش زنجر - 15 شيكل', 15, 'active'),
  ('00000000-0000-4000-8000-000000000703', '00000000-0000-4000-8000-000000000001', 'أرز بالخضار - 12 شيكل', 12, 'active')
on conflict (id) do nothing;

insert into menu_item_recipe_mapping (organization_id, menu_item_id, recipe_id)
values
  ('00000000-0000-4000-8000-000000000001', '00000000-0000-4000-8000-000000000701', '00000000-0000-4000-8000-000000000601'),
  ('00000000-0000-4000-8000-000000000001', '00000000-0000-4000-8000-000000000702', '00000000-0000-4000-8000-000000000602'),
  ('00000000-0000-4000-8000-000000000001', '00000000-0000-4000-8000-000000000703', '00000000-0000-4000-8000-000000000603')
on conflict (menu_item_id, recipe_id) do nothing;

insert into catalog_items (
  id, organization_id, menu_item_id, code, name, category_name, main_unit,
  retail_price, wholesale_price, branch_price, customer_price, tax_rate, status
)
values
  ('00000000-0000-4000-8000-000000001001', '00000000-0000-4000-8000-000000000001', '00000000-0000-4000-8000-000000000701', '1001', 'وجبة دجاج تايلندي', 'وجبات', 'وجبة', 25, 22, 24, 21, 0, 'active'),
  ('00000000-0000-4000-8000-000000001002', '00000000-0000-4000-8000-000000000001', '00000000-0000-4000-8000-000000000702', '1002', 'ساندويتش زنجر', 'ساندويتش', 'حبة', 15, 13, null, null, 0, 'active'),
  ('00000000-0000-4000-8000-000000001003', '00000000-0000-4000-8000-000000000001', '00000000-0000-4000-8000-000000000703', '2001', 'أرز بالخضار', 'أطباق جانبية', 'طبق', 12, 10, null, null, 0, 'active')
on conflict (organization_id, code) do update
set name = excluded.name,
    retail_price = excluded.retail_price,
    wholesale_price = excluded.wholesale_price,
    branch_price = excluded.branch_price,
    customer_price = excluded.customer_price,
    status = excluded.status;

insert into item_barcodes (organization_id, catalog_item_id, barcode, unit_name, unit_factor, is_primary)
values
  ('00000000-0000-4000-8000-000000000001', '00000000-0000-4000-8000-000000001001', '625100100101', 'وجبة', 1, true),
  ('00000000-0000-4000-8000-000000000001', '00000000-0000-4000-8000-000000001001', '21001', 'عرض عائلي', 4, false),
  ('00000000-0000-4000-8000-000000000001', '00000000-0000-4000-8000-000000001002', '625100100102', 'حبة', 1, true),
  ('00000000-0000-4000-8000-000000000001', '00000000-0000-4000-8000-000000001002', '21002', 'كرتونة', 24, false),
  ('00000000-0000-4000-8000-000000000001', '00000000-0000-4000-8000-000000001003', '625100100201', 'طبق', 1, true)
on conflict (organization_id, barcode) do update
set catalog_item_id = excluded.catalog_item_id,
    unit_name = excluded.unit_name,
    unit_factor = excluded.unit_factor,
    is_primary = excluded.is_primary;

insert into daily_cost_entries (organization_id, branch_id, entry_date, cost_center, name, amount, quantity, unit, notes)
select v.organization_id::uuid, v.branch_id::uuid, v.entry_date::date, v.cost_center, v.name, v.amount, v.quantity, v.unit, v.notes
from (values
  ('00000000-0000-4000-8000-000000000001', '00000000-0000-4000-8000-000000000101', '2026-05-16', 'رواتب', 'شيف 1', 70, null, null, 'وردية صباحية'),
  ('00000000-0000-4000-8000-000000000001', '00000000-0000-4000-8000-000000000101', '2026-05-16', 'رواتب', 'شيف 2', 70, null, null, 'وردية صباحية'),
  ('00000000-0000-4000-8000-000000000001', '00000000-0000-4000-8000-000000000101', '2026-05-16', 'رواتب', 'كاشير', 50, null, null, null),
  ('00000000-0000-4000-8000-000000000001', '00000000-0000-4000-8000-000000000101', '2026-05-16', 'رواتب', 'جرسون 1', 50, null, null, null),
  ('00000000-0000-4000-8000-000000000001', '00000000-0000-4000-8000-000000000101', '2026-05-16', 'رواتب', 'جرسون 2', 50, null, null, null),
  ('00000000-0000-4000-8000-000000000001', '00000000-0000-4000-8000-000000000101', '2026-05-16', 'رواتب', 'تنظيف', 40, null, null, null),
  ('00000000-0000-4000-8000-000000000001', '00000000-0000-4000-8000-000000000101', '2026-05-16', 'تشغيل', 'كهرباء', 50, null, null, 'حصة يومية'),
  ('00000000-0000-4000-8000-000000000001', '00000000-0000-4000-8000-000000000101', '2026-05-16', 'تشغيل', 'غاز', 40, null, null, null),
  ('00000000-0000-4000-8000-000000000001', '00000000-0000-4000-8000-000000000101', '2026-05-16', 'تشغيل', 'ماء', 10, null, null, null),
  ('00000000-0000-4000-8000-000000000001', '00000000-0000-4000-8000-000000000101', '2026-05-16', 'تشغيل', 'إنترنت', 5, null, null, null),
  ('00000000-0000-4000-8000-000000000001', '00000000-0000-4000-8000-000000000101', '2026-05-16', 'تشغيل', 'أكياس وتغليف', 45, null, null, 'مرتبط بطلبات الدليفري'),
  ('00000000-0000-4000-8000-000000000001', '00000000-0000-4000-8000-000000000101', '2026-05-16', 'تشغيل', 'منظفات', 20, null, null, null),
  ('00000000-0000-4000-8000-000000000001', '00000000-0000-4000-8000-000000000101', '2026-05-16', 'ثابت', 'إيجار', 100, null, null, '3000 شهريًا ÷ 30'),
  ('00000000-0000-4000-8000-000000000001', '00000000-0000-4000-8000-000000000101', '2026-05-16', 'ثابت', 'صيانة', 20, null, null, '600 شهريًا ÷ 30'),
  ('00000000-0000-4000-8000-000000000001', '00000000-0000-4000-8000-000000000101', '2026-05-16', 'ثابت', 'اشتراك نظام الكاش', 10, null, null, '300 شهريًا ÷ 30'),
  ('00000000-0000-4000-8000-000000000001', '00000000-0000-4000-8000-000000000101', '2026-05-16', 'هدر', 'دجاج مرمي', 50, 2.9, 'كغم', 'تلف قبل التحضير'),
  ('00000000-0000-4000-8000-000000000001', '00000000-0000-4000-8000-000000000101', '2026-05-16', 'هدر', 'بطاطا محروقة', 20, 2.7, 'كغم', null),
  ('00000000-0000-4000-8000-000000000001', '00000000-0000-4000-8000-000000000101', '2026-05-16', 'هدر', 'مشروب منسكب', 10, 5, 'عبوات', null)
) as v(organization_id, branch_id, entry_date, cost_center, name, amount, quantity, unit, notes)
where not exists (
  select 1
  from daily_cost_entries dce
  where dce.organization_id = v.organization_id::uuid
    and dce.branch_id = v.branch_id::uuid
    and dce.entry_date = v.entry_date::date
    and dce.cost_center = v.cost_center
    and dce.name = v.name
);

insert into customer_invoices (
  id, organization_id, branch_id, invoice_number, customer_name, customer_phone,
  status, payment_method, issued_at, subtotal, discount, tax_rate, tax_total, total, notes
)
values
  ('00000000-0000-4000-8000-000000000901', '00000000-0000-4000-8000-000000000001', '00000000-0000-4000-8000-000000000101', 'C-2026-1001', 'عميل نقدي', '+970 599 777 111', 'paid', 'cash', '2026-05-16 13:20:00+00', 55, 0, 0, 0, 55, 'فاتورة مطبوعة من rewaq'),
  ('00000000-0000-4000-8000-000000000902', '00000000-0000-4000-8000-000000000001', '00000000-0000-4000-8000-000000000102', 'C-2026-1002', 'شركة الرمال', '+970 599 888 222', 'issued', 'card', '2026-05-16 15:45:00+00', 84, 4, 0, 0, 80, null)
on conflict (id) do nothing;

insert into customer_invoice_items (organization_id, customer_invoice_id, menu_item_id, name, quantity, unit_price)
select v.organization_id::uuid, v.customer_invoice_id::uuid, v.menu_item_id::uuid, v.name, v.quantity, v.unit_price
from (values
  ('00000000-0000-4000-8000-000000000001', '00000000-0000-4000-8000-000000000901', '00000000-0000-4000-8000-000000000701', 'وجبة دجاج تايلندي', 1, 25),
  ('00000000-0000-4000-8000-000000000001', '00000000-0000-4000-8000-000000000901', '00000000-0000-4000-8000-000000000702', 'ساندويتش زنجر', 2, 15),
  ('00000000-0000-4000-8000-000000000001', '00000000-0000-4000-8000-000000000902', '00000000-0000-4000-8000-000000000703', 'أرز بالخضار', 3, 12),
  ('00000000-0000-4000-8000-000000000001', '00000000-0000-4000-8000-000000000902', '00000000-0000-4000-8000-000000000701', 'وجبة دجاج تايلندي', 2, 25)
) as v(organization_id, customer_invoice_id, menu_item_id, name, quantity, unit_price)
where not exists (
  select 1
  from customer_invoice_items cii
  where cii.organization_id = v.organization_id::uuid
    and cii.customer_invoice_id = v.customer_invoice_id::uuid
    and cii.menu_item_id = v.menu_item_id::uuid
    and cii.name = v.name
);

insert into social_accounts (id, organization_id, platform, account_name, status)
values
  ('00000000-0000-4000-8000-000000000801', '00000000-0000-4000-8000-000000000001', 'facebook', 'صفحة مطعم إيوان', 'active'),
  ('00000000-0000-4000-8000-000000000802', '00000000-0000-4000-8000-000000000001', 'instagram', 'حساب مطعم إيوان', 'active'),
  ('00000000-0000-4000-8000-000000000803', '00000000-0000-4000-8000-000000000001', 'telegram', 'قناة عروض إيوان', 'active'),
  ('00000000-0000-4000-8000-000000000804', '00000000-0000-4000-8000-000000000001', 'tiktok', 'iwan.kitchen', 'active'),
  ('00000000-0000-4000-8000-000000000805', '00000000-0000-4000-8000-000000000001', 'x', '@iwan_restaurant', 'active'),
  ('00000000-0000-4000-8000-000000000806', '00000000-0000-4000-8000-000000000001', 'google_business', 'مطعم إيوان على Google', 'active'),
  ('00000000-0000-4000-8000-000000000807', '00000000-0000-4000-8000-000000000001', 'linkedin', 'Rewaq Restaurant Group', 'active'),
  ('00000000-0000-4000-8000-000000000808', '00000000-0000-4000-8000-000000000001', 'youtube_shorts', 'Thai Kitchen Shorts', 'active'),
  ('00000000-0000-4000-8000-000000000809', '00000000-0000-4000-8000-000000000001', 'pinterest', 'Thai Restaurant Boards', 'active')
on conflict (id) do nothing;

insert into social_templates (organization_id, name, description, content)
select v.organization_id::uuid, v.name, v.description, v.content
from (values
  ('00000000-0000-4000-8000-000000000001', 'عرض اليوم', 'قالب عرض سريع', 'عرض اليوم: {dish} بسعر خاص حتى نهاية الدوام.'),
  ('00000000-0000-4000-8000-000000000001', 'طبق جديد', 'إعلان صنف جديد', 'جديدنا اليوم: {dish}. وصفة طازجة بطعم مختلف.'),
  ('00000000-0000-4000-8000-000000000001', 'خصم نهاية الأسبوع', 'قالب نهاية الأسبوع', 'نهاية الأسبوع ألذ مع خصم خاص على وجبات مختارة.')
) as v(organization_id, name, description, content)
where not exists (
  select 1
  from social_templates st
  where st.organization_id = v.organization_id::uuid
    and st.name = v.name
);

insert into notifications (organization_id, type, title, body, data)
select v.organization_id::uuid, v.type::notification_type, v.title, v.body, v.data::jsonb
from (values
  ('00000000-0000-4000-8000-000000000001', 'low_stock', 'دجاج وصل للحد الأدنى', 'فرع شارع عبد القادر الحسيني لديه 32 كغم فقط من الدجاج.', '{"severity":"warning"}'),
  ('00000000-0000-4000-8000-000000000001', 'price_increase', 'ارتفاع سعر الدجاج', 'سعر الدجاج ارتفع 18% عن آخر شراء.', '{"severity":"danger"}'),
  ('00000000-0000-4000-8000-000000000001', 'high_food_cost', 'وصفة تحتاج مراجعة', 'ساندويتش زنجر تجاوز حد تكلفة الطعام بنسبة 35%.', '{"severity":"warning"}')
) as v(organization_id, type, title, body, data)
where not exists (
  select 1
  from notifications n
  where n.organization_id = v.organization_id::uuid
    and n.type = v.type::notification_type
    and n.title = v.title
);

insert into feature_flags (key, description, enabled)
values
  ('facebook_real_api', 'تفعيل واجهة فيسبوك الحقيقية', false),
  ('instagram_real_api', 'تفعيل واجهة إنستغرام الحقيقية', false),
  ('telegram_real_api', 'تفعيل واجهة تيليغرام الحقيقية', false),
  ('node_red_social_publish', 'إرسال منشورات كل القنوات عبر Node-RED webhook', true),
  ('ocr_invoices', 'قراءة الفواتير آليًا', false),
  ('pos_imports', 'استيراد مبيعات الكاشير', false)
on conflict (key) do nothing;
